First name,Last initial,Age
John,B,20
Emma,A,31
Sophia,A,11
Liam,S,74
Olivia,K,20
Noah,T,45
Ava,X,61
James,W,12
Isabella,K,64
Elijah,V,44
Mia,P,9
William,W,63
Charlotte,P,72
Benjamin,T,60
Amelia,W,45
Lucas,D,35
Harper,O,45
Henry,T,42
Evelyn,J,36
Juan,J,23
Fatima,N,14
Wei,Y,39
Aisha,J,13
Hiroshi,A,22
Zara,R,38
Dimitri,V,10
Yara,A,10
Omar,S,31
Anika,N,75
Sven,D,16
Lucia,W,60
Ravi,B,8
Leila,Y,47
Ahmed,E,20
Nina,H,41
Hassan,J,55
Kofi,P,38
Yusuf,H,15
Maria,U,48
Elena,B,43
Miguel,D,9
Priya,H,66
Arjun,S,35
Mei,Z,72
Marco,B,19
Sofia,X,67
Abdul,S,67
Yasmin,D,58
Pablo,U,19
Chloe,K,9
Eduardo,I,25
Naomi,E,20
Stefan,U,73
Laila,G,23
Igor,A,51
Ali,E,40
Ines,Z,21
Tariq,Y,68
Greta,N,35
Moira,C,50
Alejandro,H,66
Gabriela,S,64
Sergei,Q,73
Nora,P,11
Helene,T,60
Karim,G,25
Samira,L,32
Malik,T,74
Amara,T,27
Pierre,V,69
Nadia,H,74
Viktor,K,50
Tatiana,E,64
Luka,I,47
Esra,T,25
Carlos,F,28
Ingrid,N,46
Shirin,O,24
Amine,F,19
Fatou,I,69
Shirin,W,72
Ava,G,55
Greta,U,14
John,P,30
Miguel,Z,37
Charlotte,Y,72
Elena,L,15
Omar,W,25
Ravi,U,49
Maria,L,21
Naomi,D,12
Amine,H,34
Eduardo,Z,51
Omar,M,19
Hassan,Z,52
Ava,E,53
John,J,44
Dimitri,A,30
Benjamin,I,44
James,H,51